매장명,주소,매장 타입
역삼아레나빌딩,서울특별시 강남구 언주로 425 (역삼동),general
논현역사거리,서울특별시 강남구 강남대로 538 (논현동),general
신사역성일빌딩,서울특별시 강남구 강남대로 584 (논현동),general
국기원사거리,서울특별시 강남구 테헤란로 125 (역삼동),general
대치재경빌딩,서울특별시 강남구 남부순환로 2947 (대치동),general
봉은사역,서울특별시 강남구 봉은사로 619 (삼성동),general
압구정윤성빌딩,서울특별시 강남구 논현로 834 (신사동),general
코엑스별마당,서울특별시 강남구 영동대로 513 (삼성동),general
삼성역섬유센터R,서울특별시 강남구 테헤란로 518 (대치동),reserve
압구정R,서울특별시 강남구 언주로 861 (신사동),reserve
수서역R,서울특별시 강남구 광평로 281 (수서동),reserve
양재강남빌딩R,서울특별시 강남구 남부순환로 2621 (도곡동),reserve
선릉동신빌딩R,서울특별시 강남구 테헤란로 409 (삼성동),reserve
봉은사로선정릉,서울특별시 강남구 봉은사로 446 (삼성동),general
강남오거리,서울특별시 강남구 봉은사로2길 39 (역삼동),general
스타필드코엑스몰R,서울특별시 강남구 영동대로 513 (삼성동) 코엑스 A106호,reserve
강남구청정문,서울특별시 강남구 학동로 419 (청담동),general
도곡공원,서울특별시 강남구 도곡로 205 (역삼동),general
강남R,서울특별시 강남구 강남대로 390 (역삼동),reserve
대치은마사거리,서울특별시 강남구 도곡로 457 (대치동),general
청담영동대로,서울특별시 강남구 영동대로 720 (청담동),general
압구정,서울특별시 강남구 압구정로30길 17 (신사동),general
신사가로수,서울특별시 강남구 가로수길 59 ,general
청담스타R,서울특별시 강남구 도산대로57길 24 (청담동),reserve
강남우성,서울특별시 강남구 강남대로 328 (역삼동),general
학동사거리,서울특별시 강남구 도산대로 328 (논현동),general
대치사거리,서울특별시 강남구 삼성로 402 (대치동),general
포스코사거리,서울특별시 강남구 테헤란로 505 (삼성동) 화진빌딩,general
을지병원사거리,"서울특별시 강남구 논현로 752 (논현동,구산빌딩)",general
신사역,서울특별시 강남구 도산대로 108 (논현동) 렉스타워,general
도곡역,서울특별시 강남구 남부순환로 2909 (대치동),general
서울세관사거리,서울특별시 강남구 언주로 650 (논현동) 한국건설기술인협회,general
청담사거리,서울특별시 강남구 도산대로 458 (청담동) 리츠타워,general
한티역,"서울특별시 강남구 도곡로 408, 디마크빌딩 101호 (대치동)",general
역삼초교사거리,서울특별시 강남구 역삼로 123 (역삼동),general
코엑스몰,서울특별시 강남구 영동대로 513 (삼성동) O103호,general
가로수길,"서울특별시 강남구 논현로175길 94, 1~2층 (신사동)",general
역삼대로,"서울특별시 강남구 테헤란로 211, 한국고등교육재단빌딩 1층 (역삼동)",general
역삼포스코,"서울특별시 강남구 테헤란로 134, P&S TOWER (역삼동)",general
강남대로,"서울특별시 강남구 강남대로 456, 한석타워 2층 1-2호 (역삼동)",general
청담,"서울특별시 강남구 도산대로 532, 인희빌딩 1층 (청담동)",general
삼성교,"서울특별시 강남구 영동대로86길 12, 동남유화빌딩 1층",general
학동역,서울특별시 강남구 논현로 704 (논현동),general
대치,서울특별시 강남구 도곡로 511 (대치동),general
신세계푸드마켓도곡,"서울특별시 강남구 언주로30길 57, 타워팰리스Ⅱ F 지하1층 (도곡동)",general
삼성,"서울특별시 강남구 테헤란로 443, 애플트리타워 1층 (삼성동)",general
선릉세화빌딩,서울특별시 강남구 테헤란로64길 18 (대치동) 1층,general
압구정역,"서울특별시 강남구 압구정로 170, 관영빌딩 1층 지하1층 (신사동)",general
압구정로,서울특별시 강남구 압구정로42길 32 (신사동),general
구역삼사거리,서울특별시 강남구 논현로 401 (역삼동),general
큰길타워,"서울특별시 강남구 테헤란로 223, 큰길타워빌딩 (역삼동)",general
강남구청역,"서울특별시 강남구 선릉로 669, 웰빙센터 1층 (논현동)",general
대치역,서울특별시 강남구 남부순환로 2936 (대치동) 107호,general
포이,서울특별시 강남구 논현로 88 (개포동),general
아크플레이스,서울특별시 강남구 테헤란로 142 (역삼동),general
학여울역,서울특별시 강남구 영동대로 215 (대치동),general
선정릉역,서울특별시 강남구 봉은사로 407 (삼성동) 에프오빌딩,general
삼성현대힐,서울특별시 강남구 삼성로 605 (삼성동),general
GS타워,서울특별시 강남구 논현로 508 (역삼동),general
압구정미소,서울특별시 강남구 논현로 841 (신사동),general
선릉역,"서울특별시 강남구 테헤란로 334, LG화재 빌딩 (역삼동)",general
코엑스사거리,서울특별시 강남구 영동대로 616 (삼성동),general
역삼럭키,서울특별시 강남구 도곡로 183 (역삼동),general
신압구정,서울특별시 강남구 언주로174길 29 (신사동),general
아크로힐스논현,"서울특별시 강남구 봉은사로 304, 금강빌딩 1-2층 (역삼동)",general
강남비젼타워,"서울특별시 강남구 테헤란로2길 27, 1층 101호 (역삼동)",general
압구정로데오역,"서울특별시 강남구 선릉로 836, 삼원빌딩 1,2층 (청담동)",general
르네상스사거리,서울특별시 강남구 테헤란로 306 (역삼동),general
포스코,"서울특별시 강남구 삼성로86길 7, 1층 (대치동)",general
선릉로,"서울특별시 강남구 선릉로93길 22, 대흥빌딩 1층 (역삼동)",general
논현힐탑,서울특별시 강남구 논현로 648 (논현동),general
도산가로수길,"서울특별시 강남구 도산대로 134, 2층 (논현동)",general
매봉역,서울특별시 강남구 남부순환로 2736 (도곡동),general
호림아트센터,서울특별시 강남구 도산대로 317 (신사동),general
청담역6번출구,서울특별시 강남구 삼성로 634 (삼성동),general
강남자곡,서울특별시 강남구 자곡로 172 (자곡동) 107~109호,general
대치한티,서울특별시 강남구 선릉로 324 (대치동),general
개포동,서울특별시 강남구 선릉로 34 (개포동),general
수서역사거리,서울특별시 강남구 광평로 280 (수서동),general
코엑스아셈타워,서울특별시 강남구 영동대로 517 (삼성동),general
강남차여성병원,서울특별시 강남구 봉은사로 156 (역삼동),general
센터필드R,서울특별시 강남구 테헤란로 231 (역삼동),reserve
도산사거리,서울특별시 강남구 언주로 727 (논현동),general
강남세곡,서울특별시 강남구 헌릉로569길 18 (세곡동),general
대치삼성,서울특별시 강남구 영동대로 237 (대치동),general
언주역,서울특별시 강남구 봉은사로 222 (역삼동),general
한티역8번출구,서울특별시 강남구 도곡로 331 (역삼동),general
신논현역3번출구,서울특별시 강남구 강남대로 488 (논현동),general
강남파이낸스센터,서울특별시 강남구 테헤란로 152 (역삼동),general
강남역신분당역사,서울특별시 강남구 강남대로 396 (역삼동),general
삼성역,서울특별시 강남구 테헤란로 620 (대치동),general
테헤란로아남타워,서울특별시 강남구 테헤란로 311 (역삼동),general
강남논현,서울특별시 강남구 강남대로 512 (논현동),general
삼성동,서울특별시 강남구 영동대로96길 12 (삼성동),general
리저브도산,서울특별시 강남구 선릉로155길 23 (신사동),reserve
압구정역사3번출구,서울특별시 강남구 논현로 854 (신사동),general
청담역,서울특별시 강남구 삼성로 709 (청담동),general
압구정현대아파트,서울특별시 강남구 논현로175길 38 (신사동),general
강남청담빌딩,서울특별시 강남구 선릉로 704 (청담동),general
케이스퀘어강남,서울특별시 강남구 강남대로94길 10 (역삼동),general
강남세곡DT,서울특별시 강남구 헌릉로 727 (세곡동),generalDT
역삼이마트,서울특별시 강남구 역삼로 310 (역삼동),general
미아뉴타운,서울특별시 강북구 삼양로 161 (미아동),general
강북구청사거리,서울특별시 강북구 도봉로 365 (수유동),general
미아사거리역,서울특별시 강북구 도봉로 32 (미아동),general
수유역,서울특별시 강북구 도봉로 342 (번동),general
미아역,서울특별시 강북구 도봉로 196 (미아동),general
수유역5번출구,"서울특별시 강북구 도봉로 315 (수유동, 에피소드 수유 838)",general
서울안토,서울특별시 강북구 삼양로 689 (우이동) 지하1층,general
발산역사거리,서울특별시 강서구 공항대로 248 (마곡동),general
마곡역,서울특별시 강서구 공항대로 168 (마곡동),general
우장산역,서울특별시 강서구 강서로 267 (내발산동),general
마곡사이언스타워R,서울특별시 강서구 마곡동로 62 (마곡동),reserve
방화DT,서울특별시 강서구 방화대로 375 (방화동),generalDT
마곡나루역,서울특별시 강서구 마곡중앙로 161-17 (마곡동),general
마곡GMG,"서울특별시 강서구 마곡중앙6로 16 (마곡동) 117,118,119,120호",general
가양역,서울특별시 강서구 양천로 476 (등촌동),general
화곡DT,서울특별시 강서구 등촌로 57 (화곡동),generalDT
화곡동,서울특별시 강서구 화곡로 142(화곡동),general
염창역,서울특별시 강서구 공항대로 627 (염창동),general
발산역,서울특별시 강서구 강서로 388 (등촌동) 그랜드마트,general
까치산역,서울특별시 강서구 강서로13길 3 (화곡동),general
마곡코엑스,서울특별시 강서구 마곡중앙로 143 (마곡동),general
염창대로,"서울특별시 강서구 양천로 744 (염창동), 101호",general
발산역5번출구,"서울특별시 강서구 강서로52길 43 (내발산동, DH647), 1층 일부",general
양천향교역,서울특별시 강서구 양천로 344 (마곡동),general
화곡역8번출구,"서울특별시 강서구 강서로 179 (화곡동), 1층 일부",general
강서우장산,"서울특별시 강서구 강서로 231 (화곡동, 우장산역 해링턴 타워), 116/117/118/119/120호",general
등촌대로,"서울특별시 강서구 공항대로 543 (염창동, 센터스퀘어)",general
마곡보타닉게이트,"서울특별시 강서구 마곡동로 166 (마곡동) 106호,107호,108호",general
가양역사거리,"서울특별시 강서구 화곡로 416 (등촌동) 가양더스카이벨리5차 지식산업센터 101, 102, 114,~117호",general
원그로브,"서울특별시 강서구 공항대로 165 (마곡동)지하1층, WB115호",general
내발산,"서울특별시 강서구 강서로 323 (내발산동), 101/102호",general
마곡웰튼,"서울특별시 강서구 마곡중앙5로 22 (마곡동), 104/105/106호",general
김포공항국내선,서울특별시 강서구 하늘길 112 (공항동),generalWT
김포공항DT,서울특별시 강서구 개화동로 517 (방화동),generalDT
강서NC,서울특별시 강서구 강서로56길 17 (등촌동),general
김포공항국제선,서울특별시 강서구 하늘길 38 (방화동),general
마곡케이스퀘어,"서울특별시 강서구 마곡중앙로 105-7 (마곡동), 1층 일부",general
마곡나루공원,서울특별시 강서구 마곡중앙5로 47 (마곡동),general
송정역,"서울특별시 강서구 공항대로 38 (공항동), 1층 일부",general
강서구청사거리,서울특별시 강서구 화곡로 350 (화곡동),general
낙성대역,서울특별시 관악구 남부순환로 1908 (봉천동),general
관악서울대입구R,서울특별시 관악구 관악로 158 (봉천동),reserve
신림DT,서울특별시 관악구 남부순환로 1419 (신림동),generalDT
서울대역,서울특별시 관악구 남부순환로 1817 (봉천동),general
낙성대DT,서울특별시 관악구 남부순환로 1948 (봉천동),generalDT
사당,서울특별시 관악구 남부순환로 2082-25,general
보라매대교빌딩,서울특별시 관악구 보라매로3길 23 (봉천동) 1층,general
신림,서울특별시 관악구 신림로 355-1 (신림동),general
신림타임스트림,서울특별시 관악구 신림로 330 타임스트림 1층,general
서울대입구역,서울특별시 관악구 남부순환로 1812 (봉천동),general
신림녹두거리,"서울특별시 관악구 신림로 99 (신림동, 센터스퀘어 서울대점)",general
서울대입구역8번출구,서울특별시 관악구 남부순환로 1831 (봉천동),general
봉천역,서울특별시 관악구 남부순환로 1730 (봉천동),general
봉천현대시장,"서울특별시 관악구 은천로 118 (봉천동), 1층 101~104호",general
건국대,서울특별시 광진구 능동로 117 (화양동),general
어린이대공원역,서울특별시 광진구 능동로 243 (군자동),general
아차산역,서울특별시 광진구 천호대로 676 (구의동),general
올림픽대교북단,서울특별시 광진구 광나루로 608 (구의동),general
구의DT,서울특별시 광진구 광나루로 519 (구의동),generalDT
자양사거리,서울특별시 광진구 아차산로 355,general
군자역,서울특별시 광진구 천호대로 548 (군자동) 중앙빌딩,general
광나루,"서울특별시 광진구 아차산로 607, 1,2층 (광장동)",general
건대스타시티,서울특별시 광진구 아차산로 262 (자양동),general
건대입구,서울특별시 광진구 능동로 107 (화양동),general
광장,서울특별시 광진구 아차산로 537-17 (광장동),general
건국클래식,서울특별시 광진구 능동로 90 (자양동) 더 클래식500,general
건대로데오,"서울특별시 광진구 아차산로 212 (자양동, 더포디엄830)",general
강변,서울특별시 광진구 구의강변로 46 (구의동),generalWT
구의역이스트폴,"서울특별시 광진구 아차산로 402 (자양동), 1층",general
건대후문,서울특별시 광진구 능동로 172 (화양동),general
중곡역,"서울특별시 광진구 능동로 400 (중곡동) 1층 108,109,110,111,112,118 6개호실",general
자양이마트,서울특별시 광진구 아차산로 272 (자양동) 지하1층,general
자양역,"서울특별시 광진구 능동로 18 (자양동, 이튼타워리버3차)",general
세종대,서울특별시 광진구 능동로 209 (군자동),general
뚝섬한강공원,서울특별시 광진구 강변북로 2234 (자양동),general
화양삼거리,서울특별시 광진구 광나루로 374 (화양동),general
군자사거리,서울특별시 광진구 천호대로 549 (중곡동) 1층,general
금천구청역,"서울특별시 금천구 시흥대로73길 67 (시흥동), 엠메디컬타워 1층",general
가산에스케이,"서울특별시 금천구 가산디지털1로 171 (가산동), SK V1센터 1층",general
독산사거리,서울특별시 금천구 시흥대로 426 (독산동),general
금천시흥,서울특별시 금천구 시흥대로 164 (시흥동),general
가산디지털단지역,"서울특별시 금천구 벚꽃로 298 (가산동), 대륭포스트타워 6차 1층",general
금천독산,서울특별시 금천구 두산로 70 (독산동),general
가산디지털,"서울특별시 금천구 가산디지털1로 168 (가산동), 우림라이온스밸리 B동 1층",general
마리오아울렛,서울특별시 금천구 벚꽃로 266 마리오아울렛3관,general
가산브이타워,"서울특별시 금천구 가산디지털1로 128 (가산동), V-TOWER 1층",general
독산역,"서울특별시 금천구 가산디지털1로 16 (가산동), 107-2, 1층",general
금천금나래,서울특별시 금천구 시흥대로79길 23 (시흥동) 1층,general
가산퍼블릭,"서울특별시 금천구 디지털로 178 (가산동), B동 F Park 1층",general
가산현대아울렛,"서울특별시 금천구 디지털로10길 9 (가산동), 1층 일부",general
가산케이에스,"서울특별시 금천구 벚꽃로36길 30 (가산동), 가산KS타워 1층",general
가산어반워크,서울특별시 금천구 가산디지털2로 135 (가산동),general
월계역,"서울특별시 노원구 초안산로2라길26 월계동(104,105,106호)",general
월계트레이더스,서울특별시 노원구 마들로3길 17 (월계동),general
상계초교사거리,서울특별시 노원구 노원로 449 (상계동),general
공릉DT,서울특별시 노원구 동일로 1015 (공릉동),generalDT
노원마들역,"서울특별시 노원구 노원로 569 (상계동, 임광아파트)",general
공릉역,서울특별시 노원구 동일로 1081 (공릉동),general
은행사거리,"서울특별시 노원구 중계로 217, 중흥빌딩 103,203호 (중계동)",general
노원KT,"서울특별시 노원구 노해로 502, (주)KT 노원사옥 (상계동)",general
광운대,서울특별시 노원구 석계로 104 (월계동),general
중계역,"서울특별시 노원구 동일로 1339, 대한빌딩 (상계동)",general
노원역,서울특별시 노원구 동일로 1413 (상계동) 1층,general
월계이마트,서울특별시 노원구 마들로3길 15 (월계동),general
태릉입구역DT,서울특별시 노원구 화랑로 469 (공릉동),generalDT
노원상계,서울특별시 노원구 동일로215길 2 (상계동),general
노원구청,서울특별시 노원구 노해로 447 (상계동),general
창동이마트,서울특별시 도봉구 노해로65길 4 (창동),general
덕성여대,서울특별시 도봉구 삼양로 536 (쌍문동),general
도봉구청,서울특별시 도봉구 마들로 665 (도봉동),general
쌍문,서울특별시 도봉구 도봉로 494 (창동),general
쌍문도봉로,서울특별시 도봉구 도봉로 444 (창동),general
도봉로DT,서울특별시 도봉구 도봉로 635 (쌍문동),generalDT
방학역,"서울특별시 도봉구 도봉로 684 (방학동)101,102,113,114,115호",general
창동역,서울특별시 도봉구 마들로13길 61 (창동),general
노량진동,"서울특별시 동작구 노량진로 190 (노량진동, 고려교육타워-어바니엘한강) 101호~105호",general
남성역,서울특별시 동작구 사당로 219 (사당동),general
상도역,서울특별시 동작구 상도로37길 1 (상도1동),general
보라매공원R,"서울특별시 동작구 보라매로5길 35 (신대방동, 파크스퀘어,보라매현대APT)",reserve
이수자이,서울특별시 동작구 사당로 300 (사당동 이수자이),general
노량진역,서울특별시 동작구 노량진로 134 (노량진동),general
신대방삼거리역,서울특별시 동작구 상도로 102 (상도동),general
중앙대,서울특별시 동작구 흑석로 75-1 (흑석동),general
숭실대입구역,서울특별시 동작구 상도로 354 (상도동),general
숭실대,서울특별시 동작구 사당로 4 (상도동),general
사당역,"서울특별시 동작구 동작대로 21, 양지빌딩 1-3층 (사당동)",general
상도대로,"서울특별시 동작구 상도로 218 (상도동), 1층",general
이수역13번출구,"서울특별시 동작구 동작대로27길 5 (사당동), 1층",general
서강대프라자,서울특별시 마포구 백범로 35 (신수동),general
상암YTN,서울특별시 마포구 상암산로 76 (상암동),general
마포용강동,서울특별시 마포구 토정로 295 (용강동),general
홍대입구역사거리R,서울특별시 마포구 양화로 125 (서교동),reserve
마포경찰서후문,서울특별시 마포구 마포대로 173-14 (아현동),general
공덕,서울특별시 마포구 마포대로 130 (공덕동),general
합정폴리스R,"서울특별시 마포구 양화로 45 (서교동, 메세나폴리스)",reserve
홍대공항철도역,서울특별시 마포구 양화로 178 (동교동),general
마포염리,서울특별시 마포구 독막로 311 (염리동),general
서강광흥창역,서울특별시 마포구 서강로 69 (창전동),general
합정,"서울특별시 마포구 월드컵로1길 14 (합정동) 마포한강푸르지오 110, 111, 112-2",general
서강대흥역,서울특별시 마포구 백범로 89-5 (대흥동),general
서교동사거리,서울특별시 마포구 양화로 105 (서교동),general
상암사보이시티,서울특별시 마포구 월드컵북로54길 17 (상암동),general
신촌오거리,서울특별시 마포구 신촌로16길 10 (노고산동),general
상암디지털큐브,서울특별시 마포구 상암산로 34,general
상수역,서울특별시 마포구 독막로 88 (상수동),general
공덕오거리,서울특별시 마포구 마포대로 86 (도화동) 창강빌딩,general
서강대,서울특별시 마포구 백범로 23 (신수동),general
상암MBC,서울특별시 마포구 성암로 267 (상암동),general
홍대역,"서울특별시 마포구 양화로 165, 상진빌딩 1층 (동교동)",general
동교,"서울특별시 마포구 월드컵북로 22, 영준빌딩 1층 (동교동)",general
애오개역,"서울특별시 마포구 마포대로 201, 마포트라팰리스II (아현동)",general
상암DMC,"서울특별시 마포구 월드컵북로 375, DMC이안오피스텔1단지 102호,202호 (상암동)",general
마포일진빌딩,"서울특별시 마포구 마포대로 45, 일진빌딩 1층 (도화동)",general
마포아크로,서울특별시 마포구 마포대로 68 (도화동) 마포아크로타워,general
홍대삼거리,서울특별시 마포구 와우산로 64 (상수동),general
망원역,서울특별시 마포구 월드컵로 74 (서교동),general
마포이마트,서울특별시 마포구 백범로 212 (신공덕동) 마포이마트,general
합정메세나몰,"서울특별시 마포구 양화로 45 (서교동, 메세나폴리스)",general
아현역대로,서울특별시 마포구 신촌로 262 (아현동),general
디지털미디어시티역,서울특별시 마포구 성암로 179 (상암동),general
홍대역8번출구,서울특별시 마포구 양화로 166 (동교동),generalWT
마포역뉴매드,서울특별시 마포구 마포대로 26 (마포동),generalWT
합정푸르지오,"서울특별시 마포구 월드컵로3길 14 (합정동, 마포 한강 2차 푸르지오)",general
홍대동교,서울특별시 마포구 양화로 192 (동교동),general
망원한강공원,서울특별시 마포구 마포나루길 435 (망원동),general
마포구청역,서울특별시 마포구 월드컵로 200 (성산동) 1층 일부,general
가재울뉴타운,"서울특별시 서대문구 가재울미래로 2 (남가좌동, DMC파크뷰자이2단지별동상가1층)",general
남가좌사거리,"서울특별시 서대문구 거북골로 84 (남가좌동, DMC에코자이104동)",general
신촌역,서울특별시 서대문구 신촌로 73 (창천동),general
아현역,"서울특별시 서대문구 신촌로35길 10 (북아현동, e편한세상신촌 4단지)",general
홍제역,서울특별시 서대문구 통일로 451 (홍제동),general
연세백양로,서울특별시 서대문구 연세로 50 (신촌동) 연세대학교,general
연희DT,서울특별시 서대문구 연희로 144 (연희동),generalDT
경기대,서울특별시 서대문구 충정로 53 (충정로2가),general
신촌,서울특별시 서대문구 연세로 10-1 (창천동),general
이대,서울특별시 서대문구 이화여대길 34 (대현동),general
연세종합관,"서울특별시 서대문구 연세로 50, 연세세브란스 종합관 (신촌동)",general
이대ECC,서울특별시 서대문구 이화여대길 52 (대현동) 이화여자대학교 B415호,general
연대,서울특별시 서대문구 연세로 35 (창천동),general
충정로역,서울특별시 서대문구 충정로 23,general
연대동문,서울특별시 서대문구 성산로 565 (대신동),general
신촌명물거리,"서울특별시 서대문구 명물길 24, 1-5층 (창천동)",general
충정타워,"서울특별시 서대문구 서소문로 21, 충정타워빌딩 1층 (충정로3가)",general
명지대,서울특별시 서대문구 거북골로 34 (남가좌동),general
이대역,서울특별시 서대문구 신촌로 183 (대현동),general
신촌로,서울특별시 서대문구 신촌로 109 (창천동),general
북가좌DT,서울특별시 서대문구 응암로 85 (북가좌동),generalDT
연세암병원,서울특별시 서대문구 연세로 50-1 (신촌동),general
연희동,서울특별시 서대문구 연희로 79 (연희동),general
현대신촌,서울특별시 서대문구 신촌로 83 (창천동),general
방배로,서울특별시 서초구 방배로 52 (방배동),general
강남교보타워R,서울특별시 서초구 강남대로 465 (서초동),reserve
방배다이치빌딩,서울특별시 서초구 방배로 114 (방배동),general
센트럴F1,서울특별시 서초구 신반포로 176 (반포동),general
서초역이화빌딩,서울특별시 서초구 반포대로21길 3 (서초동),general
서초구청,서울특별시 서초구 남부순환로 2557 (서초동),general
서초우성사거리,서울특별시 서초구 강남대로 343 (서초동),general
이수역사거리,"서울특별시 서초구 서초대로 3-4 (방배동, 방배디오슈페리움1)",general
강남대로신사,서울특별시 서초구 강남대로 595 (잠원동),general
서울고속터미널,서울특별시 서초구 신반포로 194 (반포동),general
방배,서울특별시 서초구 방배로 211,general
방배카페거리,서울특별시 서초구 방배중앙로 162 (방배동),general
서초법원,서울특별시 서초구 서초대로 274 (서초동),general
청계산입구역,서울특별시 서초구 청계산로 203 (신원동),general
사당로데오,서울특별시 서초구 방배천로 5-4(방배동),general
파미에파크R,서울특별시 서초구 사평대로 205 (반포동) CENTRALCITY,reserve
양재역,서울특별시 서초구 강남대로 202 (양재동) 모산빌딩,reserve
논현역,서울특별시 서초구 강남대로 557 (잠원동) 1~2층,general
이수역,서울특별시 서초구 동작대로 112 (방배동),general
내방역,서울특별시 서초구 방배로 184 (방배동) 대풍빌딩,general
서초파라곤,서울특별시 서초구 서초대로74길 29 (서초동) 서초파라곤,general
서울아트센터,서울특별시 서초구 남부순환로 2395 (서초동) 호경빌딩,general
서초중앙로,서울특별시 서초구 서초중앙로 225,general
센트럴시티,서울특별시 서초구 신반포로 176 (반포동),general
방배역,서울특별시 서초구 방배로 84 (방배동),general
반포역,서울특별시 서초구 신반포로 257 (잠원동) 신반포11차상가,general
남부터미널,"서울특별시 서초구 서초중앙로 26, 래미안서초유니빌 1층 101호 (서초동)",general
뉴코아강남,서울특별시 서초구 잠원로 69 (잠원동) 킴스클럽,general
강남서초초교,"서울특별시 서초구 서초대로77길 27, 유빌딩 1,2층 (서초동)",general
교대,서울특별시 서초구 서초중앙로 118 (서초동),general
하이브랜드,"서울특별시 서초구 매헌로 16, 리빙관 101호 (양재동)",general
영동2교,"서울특별시 서초구 논현로 139, 대흥빌딩 (양재동)",general
남부터미널역5번출구,서울특별시 서초구 효령로 274 (서초동),general
서래마을입구,서울특별시 서초구 서래로 48 (반포동),general
몬테소리,서울특별시 서초구 강남대로 399 (서초동),general
서초역,서울특별시 서초구 반포대로 118 (서초동),general
교대법원,서울특별시 서초구 서초중앙로 164 (서초동),general
강남GT타워,"서울특별시 서초구 서초대로 411, GT타워 (서초동)",general
서초동,"서울특별시 서초구 남부순환로339길 64, 현우빌딩 1층 (서초동)",general
서울교대,"서울특별시 서초구 서초중앙로 64, 1층 (서초동)",general
강남에비뉴,"서울특별시 서초구 서초대로77길 62, 강남역아이파크 B102~B105 (서초동)",general
서초우면,서울특별시 서초구 태봉로 62 (우면동),generalWT
강남역7번출구,서울특별시 서초구 강남대로 385 (서초동),general
반포자이,서울특별시 서초구 잠원로 24 (반포동),general
서초태우빌딩,서울특별시 서초구 강남대로 285 (서초동),general
교대역3번출구,서울특별시 서초구 서초중앙로24길 10 (서초동),general
반포원베일리,서울특별시 서초구 반포대로 291 (반포동),general
양재역신분당역사,서울특별시 서초구 남부순환로 2585 신분당선 양재역 지하1층 12호(7번출구쪽),general
강남역우송빌딩,서울특별시 서초구 서초대로73길 7 (서초동),general
남부순환로방배DT,서울특별시 서초구 남부순환로 2230 (방배동),generalDT
양재하나로마트,서울특별시 서초구 청계산로 10 (양재동),general
신논현역,"서울특별시 서초구 사평대로 367 (반포동), 1층",general
강남역5번출구호정빌딩,서울특별시 서초구 서초대로78길 38 (서초동),generalWT
서이초교사거리,서울특별시 서초구 사임당로 143 (서초동),general
동작대로,서울특별시 서초구 동작대로 72 (방배동),general
강남르피에드,"서울특별시 서초구 서운로 136 (서초동), 1층 1호,2호,3호,4호",general
대륭서초타워,서울특별시 서초구 강남대로 327 (서초동),generalWT
서울웨이브아트센터,서울특별시 서초구 잠원로 145-35 (잠원동),general
길음역,서울특별시 성북구 정릉로 376 (돈암동),general
미아이마트,서울특별시 성북구 도봉로 17 (길음동),general
종암DT,서울특별시 성북구 종암로 17 (종암동),generalDT
미아,서울특별시 성북구 동소문로 314 (하월곡동),general
성신여대정문,서울특별시 성북구 보문로34길 62 (동선동2가),general
종암,서울특별시 성북구 종암로 122 (종암동),general
삼선교,서울특별시 성북구 동소문로 10 (동소문동2가),general
월곡역,"서울특별시 성북구 화랑로 76, 101-1호 (하월곡동)",general
고대,서울특별시 성북구 고려대로24길 51 (안암동5가),general
현대미아,서울특별시 성북구 동소문로 315 (길음동) 지하1층,general
성신여대,서울특별시 성북구 동소문로24길 12 (동선동1가),general
안암역,서울특별시 성북구 고려대로 102-2 (안암동5가),general
한성대입구역,서울특별시 성북구 성북로 11 (성북동1가),general
길음뉴타운,"서울특별시 성북구 길음로 11 (길음동, 길음역롯데캐슬트윈골드아파트)",general
고대안암병원,서울특별시 성북구 고려대로 73 (안암동5가),general
장위뉴타운,서울특별시 성북구 장월로38길 4 (장위동),general
성신여대입구역,서울특별시 성북구 동소문로 105 (동선동4가),general
송파나루역DT,서울특별시 송파구 오금로 142 (송파동),generalDT
송파헬리오시티,"서울특별시 송파구 송파대로 345 (가락동, 헬리오시티)",general
잠실시그마타워,서울특별시 송파구 올림픽로 289 (신천동),general
문정법원로R,서울특별시 송파구 송파대로 201 (문정동),reserve
송파개롱역,서울특별시 송파구 오금로 420 (가락동),general
문정하비오,"서울특별시 송파구 송파대로 111 (문정동, 파크하비오) 204동 104호~107호",general
문정역,"서울특별시 송파구 송파대로 167 (문정동)테라타워 B동 137호~139호,204호",general
잠실대교남단R,서울특별시 송파구 송파대로 570 타워 730 1층,reserve
송파위례,"서울특별시 송파구 위례광장로 230 (장지동, 위례2차아이파크)",general
송파방이DT,서울특별시 송파구 오금로 241 (방이동),generalDT
올림픽평화의문,서울특별시 송파구 위례성대로 38 (방이동) 해태그린피아빌라트,general
송파아이파크,서울특별시 송파구 법원로 55 (문정동),general
송파사거리,서울특별시 송파구 송파대로 386 (송파동),general
석촌서호,서울특별시 송파구 석촌호수로 176 (삼전동),general
문정로데오,서울특별시 송파구 동남로 141 (가락동),general
올림픽훼미리,서울특별시 송파구 중대로 68 (문정동),general
올림픽공원남문,서울특별시 송파구 위례성대로 102 (방이동),general
방이역,"서울특별시 송파구 마천로 53, 1~2층 (오금동)",general
석촌호수,서울특별시 송파구 석촌호수로 262 (송파동),general
잠실푸르지오월드,"서울특별시 송파구 올림픽로35가길 9, 잠실푸르지오월드마크 1층 (신천동)",general
잠실새내역,서울특별시 송파구 올림픽로 96 (잠실동),general
잠실역,"서울특별시 송파구 송파대로 562 (신천동, 웰리스타워,삼성웰리스아파트) 1층,2층",general
갤러리아팰리스,"서울특별시 송파구 올림픽로 212, 갤러리아 팰리스 (잠실동)",general
아시아선수촌,서울특별시 송파구 백제고분로 69 (잠실동),general
올림픽아파트,서울특별시 송파구 양재대로 1220 (방이동),general
가락본동,서울특별시 송파구 송파대로30길 13 (가락동),general
석촌역,"서울특별시 송파구 백제고분로 358, 1층 (석촌동)",general
가락시장역,"서울특별시 송파구 중대로 121, 롯데캐슬 파인힐 1층 (가락동)",general
가든파이브,서울특별시 송파구 충민로 10 (문정동) 가든파이브툴,general
문정역2번출구,서울특별시 송파구 문정로 1 (문정동),general
잠실본동,"서울특별시 송파구 백제고분로 91 (잠실동), 1층",general
송파NC,서울특별시 송파구 충민로 66 (문정동)  가든파이브라이프 패션관1층,general
잠실트리지움,서울특별시 송파구 석촌호수로 61 (잠실동),general
송파거여역,서울특별시 송파구 오금로 493 (거여동),general
몽촌토성역,서울특별시 송파구 위례성대로 6 (방이동),general
잠실학원사거리,서울특별시 송파구 삼전로 102 (삼전동),general
송파KT,"서울특별시 송파구 잠실로 209 (신천동), 오피스빌딩 1층 2~4호",general
문정법조타운 한양타워,서울특별시 송파구 법원로11길 12 (문정동),general
송파마천사거리DT,서울특별시 송파구 거마로 78 (마천동),generalDT
목동파리공원,서울특별시 양천구 목동동로 377 (목동),general
등촌역,서울특별시 양천구 공항대로 566 (목동) 1층 2층,general
목동행복한,서울특별시 양천구 목동동로 309 (목동),general
신정DT,서울특별시 양천구 신월로 341 (신정동),generalDT
목동역,서울특별시 양천구 목동로 203 (신정동) 1층일부,general
목동오목로,"서울특별시 양천구 오목로 279 (목동) 102,103,104,105호",general
목동8단지,서울특별시 양천구 목동서로 299 (신정동),general
오목교역,서울특별시 양천구 오목로 354 (목동),general
신월IC DT,서울특별시 양천구 남부순환로 430 (신월동),generalDT
목동7단지,서울특별시 양천구 목동서로 213 (목동) 세신비젼프라자,general
목동5단지,"서울특별시 양천구 목동동로 411, 1동 116호(목동, 부영그린타운3차)",general
목동,서울특별시 양천구 목동서로 67 (목동) 우성에펠타운,general
현대목동,"서울특별시 양천구 목동동로 257 (목동, 현대하이페리온) 지하2층",general
목동SBS,"서울특별시 양천구 목동서로 161 (목동), 101호, 201호",general
목동트라팰리스,서울특별시 양천구 오목로 299 (목동),general
목동10단지,"서울특별시 양천구 목동서로 401 (신정동, 대림아크로빌), 상가A동 101,101-1호",general
신월동DT,서울특별시 양천구 남부순환로 319 (신월동),generalDT
타임스퀘어R,서울특별시 영등포구 영중로 15 지하 1층 (영등포동4가),reserve
샛강역,서울특별시 영등포구 여의대방로 376 (여의도동),general
영등포역,서울특별시 영등포구 경인로 870 (영등포동1가),general
당산대로,서울특별시 영등포구 양평로 22 (당산동6가),general
여의도IFC몰(L1)R,서울특별시 영등포구 국제금융로 10 (여의도동)  지하1층 178호,reserve
여의도KBS R,서울특별시 영등포구 의사당대로 26 (여의도동),reserve
국회대로,서울특별시 영등포구 국회대로 786 (여의도동),general
영등포KT,서울특별시 영등포구 영중로 119 (영등포동8가),general
여의도공원R,서울특별시 영등포구 여의공원로 101 (여의도동),reserve
국회의사당역,서울특별시 영등포구 의사당대로 8 (여의도동),general
여의도역R,서울특별시 영등포구 의사당대로 83 (여의도동) 1층,reserve
선유동이레빌딩,서울특별시 영등포구 선유동2로 57 (양평제1동) 이레빌딩,general
동여의도,서울특별시 영등포구 국제금융로 86 (여의도동) 롯데캐슬 아이비,general
여의도ABL타워,서울특별시 영등포구 의사당대로 147 (여의도동) 알리안츠타워,general
영등포신길,"서울특별시 영등포구 신길로 137 (신길동) 1,2층",general
문래역,서울특별시 영등포구 당산로 34 (문래동3가),general
당산,서울특별시 영등포구 양평로 64 (당산동6가),general
여의도한양증권,서울특별시 영등포구 국제금융로6길 7 (여의도동) 한양증권,general
여의도일신,서울특별시 영등포구 은행로 11 (여의도동) 1층 1부,general
하이테크시티,서울특별시 영등포구 경인로 775 (문래동3가) 에이스하이테크시티,general
여의도,서울특별시 영등포구 국제금융로2길 28 (여의도동),general
롯데캐슬여의도,"서울특별시 영등포구 의사당대로 127 (여의도동, 롯데캐슬엠파이어) 1층 104호",general
문래동,"서울특별시 영등포구 선유로 64, 대창타운빌 1층 (문래동3가)",general
여의도호성,"서울특별시 영등포구 여의대방로65길 24, 호성빌딩 1층 (여의도동)",general
타임스퀘어B2,"서울특별시 영등포구 영중로 15, 지하2층 (영등포동4가)",general
영등포본동,서울특별시 영등포구 영등포로 254 (영등포동3가),general
타임스퀘어2F,서울특별시 영등포구 영중로 15 지상2층 (영등포동4가),general
여의도의사당,서울특별시 영등포구 국회대로74길 12 (여의도동),general
여의도IFC(1F),서울특별시 영등포구 국제금융로 10 (여의도동),general
여의도교직원공제회,서울특별시 영등포구 여의나루로 50 (여의도동),general
여의도원센티널,서울특별시 영등포구 여의대로 70 (여의도동),general
여의도한강공원,서울특별시 영등포구 여의동로 338 (여의도동) 선착장 3층,general
선유도역 1번출구,서울특별시 영등포구 양평로 128 (양평동5가)양평로 128,general
여의도IFC몰(L2)STREET,서울특별시 영등포구 국제금융로 10 (여의도동) L2 S15,generalWT
영등포시장역,서울특별시 영등포구 영중로 79 (영등포동7가),general
영등포구청역,서울특별시 영등포구 국회대로 558 ,general
서울양평역,"서울특별시 영등포구 선유서로24길 6 (양평동1가, 영등포 중흥 S-CLASS)",general
영등포시장교차로,서울특별시 영등포구 영중로 45 (영등포동6가),general
더현대서울(B2)R,서울특별시 영등포구 여의대로 108 (여의도동),reserve
여의도브라이튼,"서울특별시 영등포구 국제금융로 39 (여의도동, 브라이튼 여의도), 1층",general
여의도TP타워,서울특별시 영등포구 의사당대로 96 (여의도동),general
당산역사거리,서울특별시 영등포구 양평로 47 (당산동5가),general
신풍역,서울특별시 영등포구 신풍로 23 (신길동),general
불광역,서울특별시 은평구 통일로 715 (대조동),general
구파발사거리,서울특별시 은평구 진관3로 21 은평엘크루 101동 105-108호,general
연신내역사거리,서울특별시 은평구 통일로 842 (불광동),general
연신내,서울특별시 은평구 통일로 867 (갈현동),general
구파발역,서울특별시 은평구 진관2로 12,general
은평구청입구,서울특별시 은평구 은평로 170 (응암동),general
은평이마트,서울특별시 은평구 은평로 111 (응암동),general
구산역,서울특별시 은평구 연서로 146 (대조동),general
불광역8번출구,서울특별시 은평구 통일로 746 (불광동),general
응암역2번출구,서울특별시 은평구 연서로 17 (역촌동),general
수색,서울특별시 은평구 수색로 216 (수색동),general
새절역,서울특별시 은평구 증산로 371 (신사동),general
더북한산,서울특별시 은평구 대서문길 24-11 (진관동),general
녹번역,"서울특별시 은평구 통일로 636 (녹번동) 110,111,112,113,114,115호",general
진관DT,서울특별시 은평구 연서로 645 (진관동),generalDT
연신내역5번출구,"서울특별시 은평구 연서로 222 (대조동), 1층",general
연합뉴스,서울특별시 종로구 율곡로2길 25 (수송동),general
혜화역,서울특별시 종로구 대학로12길 4 (동숭동)1~2층,general
경희궁로,서울특별시 종로구 새문안로3길 15 (당주동),general
강북삼성병원,서울특별시 종로구 새문안로 29 (평동) C관 5층,general
종로평창동,서울특별시 종로구 평창12길 3 (평창동),general
광화문우체국,서울특별시 종로구 종로 6 (서린동),general
종로R,서울특별시 종로구 종로 51 (종로2가),reserve
독립문역,서울특별시 종로구 송월길 155 경희궁자이 4단지 1층 팰리스애비뉴 4114~4119호,general
정부서울청사R,서울특별시 종로구 새문안로5가길 28 (적선동),reserve
북촌로,서울특별시 종로구 북촌로4길 23 (계동),general
종로수송,서울특별시 종로구 종로5길 30 (청진동) 1~3층,general
새문안로,서울특별시 종로구 새문안로 92 (신문로1가) 광화문오피시아빌딩,general
안국,서울특별시 종로구 북촌로 5-1 (재동),general
삼청동,서울특별시 종로구 삼청로 111-1 (삼청동),general
적선,"서울특별시 종로구 새문안로5길 55, 노스게이트빌딩 1층 (적선동)",general
인사,서울특별시 종로구 인사동길 14 (인사동),general
광화문,서울특별시 종로구 세종대로 167 (세종로),generalWT
성대입구,서울특별시 종로구 창경궁로 235 (명륜3가),general
스페이스본,서울특별시 종로구 사직로8길 4 (사직동) 광화문 풍림스페이스본,general
주얼리시티,서울특별시 종로구 종로 183 (인의동) 효성주얼리시티,general
종각,서울특별시 종로구 종로 64 (종로2가),general
동숭로아트,서울특별시 종로구 동숭길 110 (동숭동),general
종로관철,"서울특별시 종로구 종로12길 21, 2층 (관철동)",general
경복궁역,"서울특별시 종로구 자하문로4길 6, 1층 (통의동)",general
이마빌딩,서울특별시 종로구 종로1길 42 (수송동),general
마로니에공원,"서울특별시 종로구 대학로 116, 1-2층 (동숭동)",general
종로3가,"서울특별시 종로구 종로 113-1, 1-4층 (종로3가)",general
대학로,"서울특별시 종로구 대학로 57, 홍익대학교 대학로캠퍼스 內 (연건동)",general
경복궁사거리,"서울특별시 종로구 율곡로 6, B동 101호(중학동, 트윈트리타워)",general
종로관수,서울특별시 종로구 삼일대로20길 13 (관수동),general
그랑서울,서울특별시 종로구 종로 33 (청진동),general
광화문교보문고,서울특별시 종로구 종로 1 (종로1가),general
광장마켓,서울특별시 종로구 창경궁로 88 (예지동),general
KT광화문웨스트B1F,서울특별시 종로구 세종대로 178 (세종로),general
정동,서울특별시 종로구 새문안로 42 (신문로2가),general
종로플레이스,서울특별시 종로구 창경궁로 120 (인의동),general
강북삼성병원1층,서울특별시 종로구 새문안로 29 (평동) A관 1층,general
동숭길입구,서울특별시 종로구 대학로 146 (혜화동),general
서울대치과병원,서울특별시 종로구 대학로 101 서울대학교 치과병원 신관1층,general
서대문적십자,서울특별시 종로구 새문안로 9 (평동) 서울적십자병원 별관 상가동 1층 B호,general
리저브광화문,서울특별시 종로구 세종대로 178 (세종로),reserve
서대문역,서울특별시 종로구 통일로 134 (평동),general
숭례문북창,서울특별시 중구 세종대로12길 12 (남대문로4가),general
을지로4가역,서울특별시 중구 을지로 170 (을지로4가),general
동대문두타,서울특별시 중구 장충단로 275 (을지로6가),general
대한상공회의소R,서울특별시 중구 세종대로 39 (남대문로4가) 1층,reserve
국립중앙의료원,서울특별시 중구 을지로 251 (을지로6가),general
동국대,서울특별시 중구 서애로 1길 11,general
동대문공원,서울특별시 중구 장충단로 229 (광희동1가),general
을지로국제빌딩,서울특별시 중구 남대문로 109 (다동),general
동대입구역,서울특별시 중구 장충단로 166 (장충동1가),general
신당역사거리,서울특별시 중구 다산로 258 (흥인동),general
연세세브란스,서울특별시 중구 통일로 10 (남대문로5가),general
회현역,서울특별시 중구 퇴계로 72 (회현동) 리더스뷰남산,general
을지로경기빌딩,서울특별시 중구 남대문로10길 9 (삼각동) 경기빌딩,general
을지로2가,서울특별시 중구 삼일대로 358 (을지로2가),general
신세계본점6F,서울특별시 중구 퇴계로 77 (충무로1가),general
서울중앙우체국,서울특별시 중구 소공로 70 (충무로 1가) 서울 중앙 우체국,general
한국프레스센터,서울특별시 중구 세종대로 124 (태평로1가),general
명동중앙로,서울특별시 중구 명동길 60 (명동 2가),general
약수역,서울특별시 중구 다산로 129 (신당동),general
중구저동,서울특별시 중구 수표로 34 (저동2가),general
명동길,서울특별시 중구 명동10길 41,general
서소문로,서울특별시 중구 서소문로 120 (서소문동) 대한빌딩,general
신당역,"서울특별시 중구 퇴계로 385, 1층 (흥인동)",general
명동메트로,서울특별시 중구 명동9가길 14 (을지로1가) 메트로호텔,general
숭례문,"서울특별시 중구 세종대로 17, 그레이츠 숭례 1층 (남대문로5가)",general
순화동더샵,"서울특별시 중구 칠패로 27, 1층 (순화동)",general
환구단,서울특별시 중구 소공로 112 (소공동),general
무교동,서울특별시 중구 무교로 21 (무교동) 코오롱빌딩 1층,general
문화일보,서울특별시 중구 새문안로 22 (충정로1가) 문화일보,general
태평로,"서울특별시 중구 세종대로 72, 대영빌딩 1층 (태평로2가)",general
퍼시픽타워,"서울특별시 중구 세종대로9길 41, 퍼시픽타워 1층 (서소문동)",general
남산단암,"서울특별시 중구 소월로 10, 단암빌딩 (남대문로5가)",general
황학캐슬,서울특별시 중구 청계천로 400 (황학동) 롯데캐슬베네치아,general
을지로삼화타워,서울특별시 중구 을지로5길 16 (을지로2가) 1층,general
소공로,"서울특별시 중구 남대문로7길 19, 삼영빌딩 1층 일부 (소공동)",general
을지로한국빌딩,"서울특별시 중구 을지로 50, 1층 (을지로 2가)",general
시청,"서울특별시 중구 을지로 19, 삼성화재삼성빌딩 1층 (을지로1가)",general
명동역,"서울특별시 중구 퇴계로 101, 건물 전체 (충무로 1가)",general
장충라운지R,서울특별시 중구 장충단로4길 25 (장충동1가),reserve
충무로,서울특별시 중구 충무로 3 (필동1가),general
이마트타워,서울특별시 중구 세종대로7길 37 (순화동) 1층,general
동호로,서울특별시 중구 동호로 171 (신당동),general
무교로,서울특별시 중구 무교로 15 (무교동),general
청계크리스탈스퀘어,서울특별시 중구 청계천로 106 (수표동),general
그랜드센트럴,서울특별시 중구 세종대로 14 (남대문로5가),general
세종대로,서울특별시 중구 세종대로 135-5 (태평로1가),general
시청역11번출구,서울특별시 중구 서소문로 129 (서소문동),general
동대문디자인플라자,서울특별시 중구 을지로 281 (을지로7가) 디자인장터,general
우리은행본점B1F,서울특별시 중구 소공로 51 (회현동1가),general
별다방,서울특별시 중구 퇴계로 100 (회현동2가),reserve
동대문역사문화공원역,서울특별시 중구 퇴계로 325-9 (광희동2가),general
포포인츠명동,서울특별시 중구 삼일대로10길 36 (저동2가),general
한국은행교차로,서울특별시 중구 남대문로 55 (남대문로2가),general
명동남산,서울특별시 중구 퇴계로 132 (남산동3가),general
명일역,서울특별시 강동구 양재대로 1647 (명일동),general
강동구청DT,서울특별시 강동구 성내로 32 (성내동),generalDT
강동암사DT,서울특별시 강동구 고덕로 43 (암사동),generalDT
굽은다리역,"서울특별시 강동구 양재대로 1568 (명일동, 원일타워)",general
강동역,"서울특별시 강동구 천호대로 1089 (천호동, 강동 헤르셔)",general
둔촌동,서울특별시 강동구 양재대로 1303 (성내동) 평원빌딩,general
천호이마트,서울특별시 강동구 천호대로 1015-14 (천호동) 이마트별관,general
길동역,서울특별시 강동구 양재대로 1487 (길동),general
상일동,"서울특별시 강동구 상일로10길 36, 1~2층 (상일동)",general
명일이마트,서울특별시 강동구 동남로75길 5 (명일동) 명일이마트별관주차장,general
상일동역,"서울특별시 강동구 고덕로 399 (고덕동, 고덕센트럴푸르지오)",general
천호사거리,서울특별시 강동구 올림픽로 651 (천호동),general
강동그란츠,"서울특별시 강동구 천호대로 1050 (성내동) 근생 1-6, 1-7",general
강일역,"서울특별시 강동구 고덕로 429 (강일동), 1층",general
올림픽공원북2문,서울특별시 강동구 강동대로 199 (성내동),general
둔촌포레온스테이션5,"서울특별시 강동구 양재대로 1360 (둔촌동) 포레온스테이션5 1063, 1064",general
암사역,서울특별시 강동구 올림픽로 786 (암사동),general
이케아강동,서울특별시 강동구 고덕비즈밸리로 51 (고덕동),general
강동강일,서울특별시 강동구 아리수로93나길 54 (강일동),general
천호대로길동,서울특별시 강동구 천호대로 1131 거산 유팰리스,general
구로디지털타워,서울특별시 구로구 디지털로32길 30 (구로동),general
오류동역,서울특별시 구로구 경인로 216 (오류동),general
구로디지털로,"서울특별시 구로구 디지털로33길 11, 에이스테크노8차 1층 (구로동)",general
구로에이스,"서울특별시 구로구 디지털로 285, 에이스트윈타워1차 103호 (구로동)",general
구로하이엔드,"서울특별시 구로구 디지털로26길 5, 에이스하이엔드타워1차 103호 (구로동)",general
포포인츠구로,"서울특별시 구로구 디지털로32길 72, 포포인츠바이쉐라톤 구로 1층 (구로동)",general
신도림센터포인트,"서울특별시 구로구 새말로 97 (구로동)신도림센터포인트웨스트 지하1층 오01호, 오02호",general
구로고척,서울특별시 구로구 경인로 387 (고척동),general
구로NC,서울특별시 구로구 구로중앙로 152 (구로동) 구로NC,general
구로오류DT,서울특별시 구로구 서해안로 2233 (오류동),generalDT
구로구청,"서울특별시 구로구 가마산로 232 (구로동, 스페스큐브), B101호",general
고척아이파크,"서울특별시 구로구 경인로43길 49 (고척동, 고척아이파크), 1층 D-101호",general
신도림힐스테이트,서울특별시 구로구 경인로 625 (신도림동),general
답십리역,서울특별시 동대문구 천호대로 263 (답십리동),general
경희대삼거리,서울특별시 동대문구 회기로 141 (회기동),general
신설동역,서울특별시 동대문구 왕산로 19 (신설동),general
회기역사거리,서울특별시 동대문구 이문로 37 (회기동),general
장한평역,서울특별시 동대문구 장한로 10 (장안동),general
경희대,서울특별시 동대문구 경희대로 16-1 (회기동),general
청량리역롯데캐슬스카이,"서울특별시 동대문구 답십리로 27 (전농동, 청량리역 롯데캐슬 SKY-L65)",general
경희의료원,서울특별시 동대문구 경희대로 23 (회기동),general
경동1960,서울특별시 동대문구 고산자로36길 3 (제기동),general
사이버한국외대,서울특별시 동대문구 휘경로 6 (이문동),general
청량리역사,서울특별시 동대문구 왕산로 214 (전농동) 청량리역사 Connect Place6층,general
답십리초교사거리,서울특별시 동대문구 전농로 38 (답십리동),general
장안사거리,서울특별시 동대문구 답십리로 267 (장안동),general
외대정문,서울특별시 동대문구 이문로 93 (이문동),general
서울숲역,서울특별시 성동구 왕십리로 50 (성수동1가) 1층,general
금호역,서울특별시 성동구 동호로 99 (금호동4가),general
뚝섬역,서울특별시 성동구 아차산로 42 (성수동1가),general
황학사거리,"서울특별시 성동구 왕십리로 410 (하왕십리동, 센트라스)",general
성수역,서울특별시 성동구 성수이로 94 (성수동2가),general
상왕십리역,서울특별시 성동구 왕십리로 382 (하왕십리동),general
왕십리역,서울특별시 성동구 왕십리로 326 (도선동),general
한양대,"서울특별시 성동구 왕십리로 225 (행당동) 1,2층",general
엔터식스,서울특별시 성동구 왕십리광장로 17 (행당동),general
신금호역,서울특별시 성동구 금호로 158-1 (금호동1가) 1~5층 전체,general
뚝섬역교차로,서울특별시 성동구 아차산로 6 (성수동1가),general
한양대복지관,서울특별시 성동구 왕십리로 222 (사근동) 한양대학교 복지관,general
왕십리역9번출구,서울특별시 성동구 고산자로 234 (행당동),general
성수,서울특별시 성동구 아차산로 104 (성수동2가),general
옥수,서울특별시 성동구 독서당로 202 (옥수동),general
성수낙낙,서울특별시 성동구 광나루로8길 31 (성수동2가) 성수낙낙 1층 101~107호,general
효창공원앞역,"서울특별시 용산구 백범로 313 (효창동, 용산 롯데캐슬 센터포레)",general
서울역서부,서울특별시 용산구 만리재로 202 (서계동),general
이태원역,서울특별시 용산구 이태원로 188 (이태원동),general
용산역써밋R,"서울특별시 용산구 한강대로 69 (한강로2가, 용산푸르지오써밋)",reserve
이촌,서울특별시 용산구 이촌로 276 (이촌동),general
신용산역,"서울특별시 용산구 한강대로 95 (한강로2가, 래미안용산)",general
용산파크타워,"서울특별시 용산구 서빙고로 67 (용산동5가, 파크타워)",general
남영동,서울특별시 용산구 한강대로 275 (갈월동),general
한남동R,서울특별시 용산구 독서당로 94 (한남동),reserve
서울타워,서울특별시 용산구 남산공원길 105 (용산동2가) YTN서울타워 1층,general
서울역동자동,서울특별시 용산구 한강대로 372 (동자동),general
순천향입구,서울특별시 용산구 대사관로 67 (한남동),general
동빙고,서울특별시 용산구 장문로 12 (동빙고동),general
숙대입구역,서울특별시 용산구 한강대로 291 (갈월동),general
용산아이파크몰6F,서울특별시 용산구 한강대로23길 55,general
동부이촌동,서울특별시 용산구 이촌로 198 (이촌동),general
숙명여대정문,서울특별시 용산구 청파로47길 100 (청파동2가) 프라임관B1F(로비층),general
용산해링턴스퀘어,서울특별시 용산구 서빙고로 17 (한강로3가),general
경리단길,서울특별시 용산구 회나무로 3 (이태원동),general
서울역사,서울특별시 용산구 한강대로 405 (동자동) 신-101호,general
용산리첸시아,"서울특별시 용산구 백범로 341 (원효로1가, 리첸시아 용산)",general
용산전자랜드,서울특별시 용산구 청파로 74 (한강로3가),general
용산이마트,서울특별시 용산구 한강대로23길 55 (한강로3가) 용산이마트 지하 2층,general
용산아이파크몰1F,서울특별시 용산구 한강대로23길 55 1층 (한강로3가),generalWT
상봉,"서울특별시 중랑구 상봉로 131 (상봉동, 상봉 듀오트리스 주상복합)",general
중랑역,서울특별시 중랑구 망우로30길 3 (상봉동),general
중랑구청,서울특별시 중랑구 신내로 72,general
사가정역,서울특별시 중랑구 면목로 310,general
상봉역,서울특별시 중랑구 망우로 307 (상봉동),general
면목역,서울특별시 중랑구 면목로 403 (면목동),general
묵동,"서울특별시 중랑구 동일로 952 (묵동, 로프트원 태릉입구역) 1층",general
망우동,서울특별시 중랑구 망우로 407 (망우동),general
양원역,서울특별시 중랑구 양원역로10길 3 (망우동),general
중화역,서울특별시 중랑구 봉화산로 35 1층,general
